Channel,Subscribers
Jynxzi,81255
caseoh_,68053
AlveusSanctuary,55200
HasanAbi,45230
eliasn97,32016
Tumblurr,31240
stableronaldo,31127
Mingo,26740
Aztecross,23672
SleDuck,23232
ChristinaandAmber,22566
Joe_Bartolozzi,21890
zarbex,21688
Cellbit,20659
BarbarousKing,19770
ohnePixel,19038
Camy,18304
Kamet0,18175
TenacityTv,17547
summit1g,17439
Jynxzi,81255
caseoh_,68053
AlveusSanctuary,55200
HasanAbi,45230
eliasn97,32016
Tumblurr,31240
stableronaldo,31127
Mingo,26740
Aztecross,23672
SleDuck,23232
ChristinaandAmber,22566
Joe_Bartolozzi,21890
zarbex,21688
Cellbit,20659
BarbarousKing,19770
ohnePixel,19038
Camy,18304
Kamet0,18175
TenacityTv,17547
summit1g,17439
RealKatieB,17259
metashi12,17038
vanillamace,16939
Donkaaklijn,16660
xQc,16308
Kamikatze,16275
Rubius,16197
StRoGo,15957
JLTomy,15872
KYRIOCIFER,15844
Aethelthryth,15768
RDCgaming,15680
alanzoka,15036
fps_shaka,14731
Caedrel,14628
Zoomaa,14339
ironmouse,13467
angryginge13,12691
AxialMatt,12559
Shlorox,12109
BobbyRayGray,12017
Mactics,11943
ChilledChaos,11871
DumbDog,11863
Emiru,11849
jasontheween,11663
yourragegaming,11559
PENTA,11235
Nmplol,11091
JayRiddle77,11078
IlloJuan,11052
MeatyMarley,10719
iTryaiK,10713
KingWoolz,10637
Activee,10600
DGthe99,10433
烟花蹦蹦蹦,10237
Gotaga,10173
PlaqueBoyMax,10091
CroissantStrike,10023
auronplay,9897
DarthMicrotransaction,9878
Playful,9582
ZeratoR,9571
GRONKH,9566
Lacy,9552
dear_hellgirl,9453
fl0m,9440
NoWay4u_Sir,9362
Maximilian_DOOD,9208
BayouLiv,9128
StreamDatabase,9100
MOONMOON,9052
Viperous,9052
Leopard,9027
TheRealMarzaa,8788
Aenot,8765
zeudidipalma01,8668
wendolynortizz,8636
PietSmiet,8586
AussieAntics,8388
Agent00,8382
Trymacs,8243
onlyjson,8237
StreamwithLien,8080
Clix,7967
珮蕾,7888
NICKMERCS,7789
GhazzyTV,7689
柊ツルギ,7684
dangerlyoha,7637
Adapt,7616
BaityBait,7572
JuicyJohns,7432
Bigpuffer,7385
R3DxVelvet,7354
Shotz,7258
sreme,7161
GOFNS,7152
MurderCrumpet,7090
LaynaLazar,7040
Hera,7021
DarioMocciaTwitch,6967
Peereira7,6954
CDawg,6878
Agraelus,6872
PaymoneyWubby,6853
Ludwig,6737
SkipNhO,6701
蕭政銘,6694
Der_Marienkaefer_Live,6686
gerardromero,6646
WillerZ,6602
Proze,6551
Glorious_E,6532
Zizaran,6474
DIEHLUXE,6409
H2P_Gucio,6406
LIRIK,6379
Ray,6376
Sintica,6312
HutchMF,6296
icykaty,6194
MontanaBlack88,6180
jennmcallister,6114
yurnboi,6094
Quin69,6090
Cydonia_Chiara,6049
imtracyallen,6000
pinkcheeks67,5942
scump,5890
zonixxcs,5841
itsSpoit,5830
bratishkinoff,5828
Payo,5825
Central_Committee,5810
Cinna,5765
supertf,5759
TeePee,5720
alexelcapo,5671
Squeex,5665
xTheSolutionTV,5592
ocwsport,5541
zackrawrr,5509
Bonjwa,5499
懶貓,5473
CassMutt,5465
humzh,5240
BTMC,5231
FORMAL,5229
Shisheyu,5157
Plug,5120
Mawkzy_,5078
REVENANT,5074
mole,5024
FolagorLives,5022
ElMariana,5019
西南69,4999
CohhCarnage,4999
Emilycc,4995
AnEternalEnigma,4991
LVNDMARK,4969
ExtraEmily,4960
Tjulfar,4958
Cash4Kills_,4932
vedal987,4921
NeZaK_,4879
YoungMulti,4838
markrei93,4828
MasterTay,4826
KYR_SP33DY,4819
Locklear,4798
Dino_xx,4786
IndiaGutierDj,4770
Vswed,4707
Datto,4705
Swagg,4679
aminematue,4621
HandOfBlood,4611
lyric,4610
Braeden,4602
ImperialHal__,4592
羅傑,4589
MikeLS_91,4559
HamedLoco,4534
aldo_geo,4531
MightaswellbeMac,4514
加藤純一うん〇ちゃん,4465
BastiGHG,4462
lilsimsie,4457
ibai,4455
Elajjaz,4448
MISTERARTHER,4438
Heideltraut,4437
fifakillvizualz,4413
Jodarum,4370
Altair,4358
SheefGG,4347
Mixwell,4335
AvoidingThePuddle,4332
Niekbeats,4310
chiclanafriends,4276
ONLY1HOF,4267
Pestily,4265
Repullze,4253
BobbyPoffGaming,4247
Knut,4226
Poly,4213
PokeAlexVGC,4213
iskall85,4194
BruceGreene,4172
Dhalucard,4150
pilavpowa,4143
AnniTheDuck,4133
oozie,4125
Rakin,4089
GernaderJake,4086
stylishnoob4,4075
lapizarradeandres,4024
Gaules,4018
BurtsBeat,3998
B0aty,3969
Insym,3964
xClyde,3948
SamoAgo,3944
Philza,3917
ESLCS,3915
pizfn,3909
PiaPiUFO,3889
Fanum,3884
SPONTENT,3870
skill4ltu,3867
avacrown_,3856
forsen,3831
lowyyy95,3812
YourFriendKyle,3805
DiazBiffle,3768
Destroy,3762
iLumpE,3753
tarik,3735
向尋,3708
PointCrow,3677
Tomato,3653
Brizz94,3648
cloakzy,3647
RayCheesy21,3628
chrismelberger,3602
貓糰,3596
jccaylen,3593
MartinCirioOk,3586
依渟,3579
Pesh,3573
danny,3567
SquishyMuffinz,3557
Nikos,3539
LostKittn,3538
Lewislefou,3526
Bronx,3525
Yugi2x,3512
TheMrSark,3510
AntoineDaniel,3483
Granny,3468
coreydarbo,3440
elwycco,3438
ELoTRiX,3438
Kertus,3426
Zentreya,3425
NiceWigg,3414
francescopardinivgc,3405
lollolacustre,3386
Drututt,3384
hypnoshark,3377
Flight23white,3377
Linaaarr,3369
TheNicoleT,3358
Skittlz,3353
Valkyrae,3345
cyganzor,3336
苒苒です,3336
nihmune,3335
Faux,3334
YugopnikTwitch,3324
xrick75,3313
Greifenberg,3313
Acie,3311
elxokas,3298
T90Official,3291
PrinceZam,3287
Jerma985,3280
GrandPooBear,3261
Otzdarva,3251
AdmiralBahroo,3249
Pikabooirl,3236
Jessu,3222
railbound,3169
BeardedDad1987,3169
loltyler1,3169
redcs,3166
Foolish,3157
CYR,3143
willneff,3136
Pelle981,3129
chiefbeef_rl,3127
TrilluXe,3114
gabepeixe,3110
sincerelyjuju,3107
Domingo,3094
冠緯,3090
AdamCouser,3086
Jinnytty,3085
McCartney,3080
call_me_dsay,3079
Arky,3070
DDG,3066
Squeezie,3063
rivers_gg,3055
Kingsman265_Twitch,3046
Readyx,3044
世誠,3043
Mocha,3036
mistermv,3033
Mehdoche,3029
GingrBredBeauty,3020
Goicke,3015
Xaryu,2998
Mouzakrobat,2997
Casson,2984
evelone2004,2954
Mathil1,2953
Bawkbasoup,2946
McSpicy777,2935
Repaz,2931
CodeMiko,2925
Kaysan,2914
MrSal_59,2907
OfficialHyper,2906
Staiy,2904
L3WG,2854
Milschbaum,2845
paache_,2828
Attrix,2811
ZakvielChannel,2810
Limmy,2792
RingotoKun,2790
Asuna_Karaoke,2777
Tolkin,2769
woops,2766
Sequisha,2753
Anastasia_Rose_Official,2752
USN_TV,2746
RSpangg,2737
ElBunkerSA,2715
Nikof,2712
蘋蘋澎澎,2709
Raxxanterax,2708
PSP1G,2705
QTCinderella,2701
Ghostik,2694
Dekii,2692
hotspotstella,2682
sacy,2676
Strippin,2673
BasimZB,2665
Amar,2657
lxFORMIDABLExl,2651
ls_baffti,2648
小亮,2638
TheBushMan,2634
ElasticDroid,2625
TimTheTatman,2616
LuckyChamu,2606
Gladd,2602
JayLeeto,2589
JustNdrew,2585
vadriss,2583
NovaGracie,2582
ShoXx__,2582
WankilStudio,2567
CallMeCarsonLIVE,2556
DatModz,2555
Torsteiin,2548
RATIRL,2545
sasavot,2545
Faide,2531
Swiftor,2528
detune,2486
AuzioMF,2475
CookSux,2454
rachel,2452
Sorrey,2445
DansGaming,2440
MysTK,2431
Just_Japahef,2431
MrDzinold,2431
SportsCastSquad,2424
NeVeR_LosEs,2421
DonFreez,2421
Kourra,2417
chowh1,2417
aozami,2417
Gorgc,2417
x9nium,2416
Roomy,2407
lumilaura,2404
KingKreas,2393
Giggand,2379
TOMMASOeBENEDETTA,2379
Jack_Fromsoft,2372
Im_Dontai,2367
mang0,2358
Moonryde,2356
Dracon,2349
notmes,2349
elded,2343
Vlad_CKA,2343
MoistCactus_,2326
Monsteryoo,2321
Quackity,2309
TangoTek,2304
cbgray,2296
Jinja,2296
ManuuXO,2294
Ricci,2294
xKamysh,2292
Chainbrain,2292
HangTime,2287
SmallAnt,2285
MykeTV,2285
Hungrybox,2285
benny,2278
Fems,2262
priivateclown,2259
thetremba,2257
Ponce,2236
ytTALK2MENICE,2236
Maya,2231
Mulder,2227
rickyedit,2222
Emongg,2218
Inzaynia,2217
ApudoX,2206
Northernlion,2203
JrdnnOfficial,2198
MrBboy45,2184
ImOw,2183
RTGame,2177
k4sen,2171
Grubby,2170
Tyy_Rex,2168
HugoDelire,2165
teozano_,2165
Huebi,2164
Michel,2156
roflgator,2144
Blu_Haze,2144
Sneegsnag,2140
itskxtlyn,2135
Westham,2128
DizzyKitten,2124
Diabloh,2116
Graycen,2116
ThePrimeagen,2116
Khadim,2108
Melibellule,2102
漣韵,2102
DougDoug,2101
UYUart,2099
Putrefy,2090
MataraKan,2078
Hayashii,2074
Kurisu,2069
TraYtoNlol,2056
NS_ART,2054
BHarp,2040
KDRkitten,2032
QuarterJade,2029
Joueur_du_Grenier,2029
don_sander,2026
TwincyTV,2012
Felps,2010
by_Owl,2005
earliboy,2004
Terracid,2002
CitizenSpooner,1997
Subroza,1994
EWROON,1988
Smoke,1988
sodapoppin,1987
Marlon,1979
Silky,1978
PirateSoftware,1970
libvalley,1968
Niniste,1967
Distortion2,1962
orslok,1961
Rekinss,1960
Shylily,1959
KIARAOKSI,1956
Rabo9D,1953
genooo,1945
CorgiCam,1944
emilyuwo,1942
Rezears,1940
DarkViperAU,1940
Tschessy,1930
DAGENERAL215,1925
rootthegamer,1910
cla1rity,1907
Stiner,1901
CamLoso,1894
dish,1894
iNoiizY,1893
Horcus,1886
KingKontent,1886
FatherSonGaming,1882
Valle,1879
Ranger,1879
teknoyd,1879
benny_ttv,1874
LondonController,1870
奉池ではありません,1867
Dennsen86,1867
Leb1ga,1866
Loserfruit,1864
Yann,1862
DJ_Apollo,1862
中信兄弟官方頻道,1861
Bruebie,1860
CriticalRole,1853
Sixquatre,1850
cafelovesbr,1840
chefstrobel,1839
BigCartiier,1837
FlashForce,1837
RuflessCat,1836
lasstishen,1834
Neskwga,1825
frankop0p,1820
HoneyPuu,1818
Rpold,1816
Timmac,1812
chocoTaco,1810
spockiller_tv,1810
ruby_spell,1809
Myko,1808
DjMaRiiO,1805
若白ルオバイ,1804
tylil,1799
JonSandman,1790
kyle,1789
Zyro,1788
sleth,1787
GeminiTay,1783
ilGattoSulTubo,1777
MrRoflWaffles,1762
sunnys,1759
Sweatcicle,1750
Nadeshot,1746
Rubini,1745
Ziggy,1742
robcdee,1741
Tricky,1740
Oatsngoats,1732
mortenroyale,1729
TheHolomovement,1728
Gioee,1727
Dakillzor,1722
LeVraiDoffy,1722
Pieface23,1720
annikaay,1719
Atrioc,1716
TRILLEBARTOM,1705
CapitanoCima,1704
maiabey,1703
JULIAONAIR,1701
imviolet_,1699
Jabo,1690
JoeWo,1690
LetsHugoTV,1689
JimRsng,1685
Deadlyslob,1683
PiotrMaciejczak,1682
lil_pup4,1682
BoxyFresh,1680
Coreano,1679
H0llyLP,1678
Klaire,1678
viggomagiccc,1677
iiTzTimmy,1677
MasterSnakou,1669
DreamWarrior,1667
Symfuhny,1663
Prairzy,1660
Rubia,1658
ANGRYPUG,1657
Morttimer11,1655
Fluffcz,1655
LefongHua,1653
Sabaku_no_Sutoriimaa,1651
rubenmartinweb,1651
ぐちつぼ,1651
TisiSchubech,1643
moistcr1tikal,1640
Phyzikk,1639
杏仁ミル,1636
Blueryai,1633
JoshOG,1629
QuickyBaby,1629
MenosTrece,1628
RoundTwoTwitch,1628
wastzera,1626
xAcceptiion,1625
Noko,1625
Taylien,1624
TheRunningManZ,1624
XxmoneythingxX,1623
Vinesauce,1622
Impollaa,1622
xShowTime,1619
RazaH,1618
Kaceytron,1618
Kaydop,1615
AstaBush,1615
CoJoMoCS,1614
Arrav,1608
ScorpiusOfficial,1605
Boggles,1604
jani,1603
LilAggy,1603
PizzaPrincessG,1603
eightobbg,1598
Abstract,1595
zwebackhd,1595
HAchubby,1592
dieserkingphil,1590
Baddie,1586
Hair_of_the_Dog,1582
國濤,1575
Nisqyy,1574
darkmoonknit,1573
el_yuste,1573
julien,1572
餐餐自由配,1572
Sethus,1569
maxiliecuy,1566
rawdogmoon,1561
CoconutB,1557
MapleChicken,1556
Jobbo,1556
CALURA9,1550
Bittywood,1534
franbeuve,1534
Nilo,1534
Jankos,1528
Swifty,1525
小舞,1523
Fr3ddy,1521
Laink,1519
Ezekiel_III,1518
Sekiam,1518
SirMaza,1516
OPMarked,1516
Thebausffs,1515
GingerViking18,1514
Alkaizerx,1514
singsing,1513
Ren0809k,1506
jerzy,1503
klairx,1500
Beaulo,1499
Peapo_,1498
CapitanBarbanera,1495
SixenTv,1494
IShowSpeed,1494
FemiMarss,1492
Captain_Domo,1492
Empyriangaming,1491
dakotaz,1484
CAHOS_GAMING,1484
schaendus,1477
iTermosifoni,1475
JeremyFrieser,1475
ArkanightLive,1473
Kyokeru,1473
Mmorpg,1472
walnutcast,1468
DirkNeuenfels,1466
SenseiCJ,1460
Kruzadar,1458
Knight,1458
Airka_off,1452
TheGuill84,1451
TheKller,1450
WildMics,1447
TinaKitten,1442
Sommerset,1440
BastiVardy,1440
impulseSV,1440
踢虧,1439
Spottem,1436
juansguarnizo,1431
Terste,1430
HotWaterJake,1430
aCitrusFruit,1426
BigIraq,1425
detoo,1423
arkvenger_tv,1423
KaoriLupine,1420
TyyPlays,1418
mfreak00,1417
mbliss,1416
KarimKappaMan,1413
Vadeal,1412
Mauisnake,1412
Kenco,1408
Max_Fewtrell,1406
SethDrums,1404
OnlyJoeyD,1403
omnivorex,1402
imantado,1402
Areliann,1395
Asuno,1383
Staryuuki,1383
Vargskelethor,1380
ZkMushroom,1380
Nicistemmler,1378
Schrutify,1378
NNarcos,1376
runthefutmarket,1375
ryanabe,1372
pathofexilebota,1371
Keeoh,1369
MEKABEAR,1369
The_Happy_Hob,1368
EmberParadox,1366
Vio,1363
FakeAnanas,1361
CrocodyleTV,1356
Dekarldent,1352
just9n,1352
NicoTheo_off,1351
Griller_DK,1351
s0mcs,1350
JUST_R3N,1350
mediumskillz,1348
EsfandTV,1348
IngameAsylum,1346
F3tziPlap,1345
Diables,1342
akaToned_,1341
KiingJulien,1340
JenNyan,1339
Kalei,1336
Trod,1334
FlowshowXO,1334
SMii7Y,1331
fuslie,1330
Arainuki,1327
LeanMcQueen,1327
Sackzi,1327
DJBENJAMINFRIEDRICH,1326
sunglitters,1326
LuluLuvely,1322
savyultras90,1321
Saruei,1321
RedGotIssues,1313
Schwabbeltown,1312
Mongraal,1310
sadgirl,1309
DoktorFroid,1307
Vader,1305
大丸,1300
AmeDoll,1298
chrisudalla,1295
NanniTwitch,1295
qlnek,1294
VivaLaFazza,1290
Amacky,1289
ilGabbrone,1286
TurunPug,1285
ZanoXVII,1285
buckefps,1282
TaigaxHolic,1280
higheesha,1279
Gatzbii,1276
hexy,1275
HeyStan,1274
花輪同學,1274
NadinWins,1274
Rob2628,1270
AriGameplays,1270
Marco,1270
Sardoche,1268
Toniki,1267
BAXBEAST,1266
Moxsy,1257
Pieman,1255
Loeya,1251
PearlescentMoon,1251
utbh_oficial,1247
Weak3n,1246
Gom4rt,1245
PotasticP,1244
Luc1dg,1242
小碗泡咪,1242
shroud,1241
berleezy,1240
meiya,1240
SmashLunatic,1238
TrU3Ta1ent,1226
Jeens,1226
JosefaTTV,1225
HCJustin,1224
jagdwurstjanik,1223
SovietWomble,1221
kirtscho,1220
iDensTv,1218
MurderofBirds,1216
GoopyB,1215
easyemi,1214
mount,1212
Obsess3,1210
Kotton,1208
嬌兔,1206
KavalierPirat,1204
SparkofPhoenixTV,1202
TheDeluxe4,1201
Olkabone,1201
MoMaN,1199
itmeJP,1198
lilanei,1196
mrekk,1196
CuteDog_,1196
Chuugs,1196
Masayoshi,1195
SBMADEIT,1193
Nick28T,1192
davidfrankdrums,1191
ElRichMC,1189
Carola,1189
Aydan,1188
Skevich_,1188
bbreadman,1186
kopsteep,1185
jujalag,1182
AnotherMatt_,1180
LanceSavali,1178
RduLIVE,1176
bao,1176
Castro_1021,1173
JonBams,1172
youney,1171
Xari,1170
M4cM4nus,1169
jociedubs,1169
MehDitDonc,1163
RichardLewisReports,1161
Kennzy,1158
捏妮巴,1148
BellNoire,1146
DeadlyLxly,1055
luke4316live,1055
SkyrrozTV,1053
BaileyGoat,1053
SaltySoya,1052
RanbooLive,1051
RandomPotato10,1050
Sweet_Anita,1050
ZeusSpezial,1049
OmegaPro,1048
NickEh30,1046
JokerdTV,1046
卡爾比,1046
Rumathra,1043
rezonfn,1043
鳥屎,1042
Rizzan,1041
Wookie_Legend,1034
D4WS7N,1034
Naowh,1032
